onset	duration	trial_type	value	sample
5.978	n/a	Target	2	2989
6.114	n/a	NonTarget	1	3057
6.25	n/a	NonTarget	1	3125
6.386	n/a	NonTarget	1	3193
6.522	n/a	NonTarget	1	3261
6.658	n/a	NonTarget	1	3329
6.794	n/a	Target	2	3397
6.93	n/a	NonTarget	1	3465
7.066	n/a	Target	2	3533
7.202	n/a	NonTarget	1	3601
7.338	n/a	NonTarget	1	3669
7.474	n/a	NonTarget	1	3737
7.61	n/a	Target	2	3805
7.746	n/a	NonTarget	1	3873
7.882	n/a	NonTarget	1	3941
8.018	n/a	NonTarget	1	4009
8.152	n/a	NonTarget	1	4076
8.288	n/a	NonTarget	1	4144
8.424	n/a	Target	2	4212
8.56	n/a	NonTarget	1	4280
8.696	n/a	NonTarget	1	4348
8.83	n/a	NonTarget	1	4415
8.966	n/a	Target	2	4483
9.104	n/a	NonTarget	1	4552
9.24	n/a	NonTarget	1	4620
9.374	n/a	Target	2	4687
9.512	n/a	NonTarget	1	4756
9.648	n/a	NonTarget	1	4824
9.784	n/a	Target	2	4892
9.92	n/a	NonTarget	1	4960
10.054	n/a	NonTarget	1	5027
10.192	n/a	NonTarget	1	5096
10.328	n/a	Target	2	5164
10.464	n/a	NonTarget	1	5232
10.598	n/a	NonTarget	1	5299
10.736	n/a	NonTarget	1	5368
10.872	n/a	NonTarget	1	5436
11.008	n/a	NonTarget	1	5504
11.144	n/a	Target	2	5572
11.28	n/a	NonTarget	1	5640
